owner,name,primaryLanguage,stargazers,commits,url
robolectric,robolectric,Java,5547,12683,https://github.com/robolectric/robolectric
hibernate,hibernate-orm,Java,5122,14325,https://github.com/hibernate/hibernate-orm
apache,jmeter,Java,6523,17768,https://github.com/apache/jmeter
Graylog2,graylog2-server,Java,6294,21005,https://github.com/Graylog2/graylog2-server
iNPUTmice,Conversations,Java,4141,6961,https://github.com/iNPUTmice/Conversations
rstudio,rstudio,Java,4091,39719,https://github.com/rstudio/rstudio
Freeyourgadget,Gadgetbridge,Java,3968,8315,https://github.com/Freeyourgadget/Gadgetbridge
runelite,runelite,Java,3935,12218,https://github.com/runelite/runelite
traccar,traccar,Java,3783,7623,https://github.com/traccar/traccar
knowm,XChange,Java,3570,12456,https://github.com/knowm/XChange
killbill,killbill,Java,3565,9009,https://github.com/killbill/killbill
apache,nifi,Java,3467,7791,https://github.com/apache/nifi
PojavLauncherTeam,PojavLauncher,Java,3229,5474,https://github.com/PojavLauncherTeam/PojavLauncher
nextcloud,android,Java,3105,19269,https://github.com/nextcloud/android
jOOQ,jOOQ,Java,5160,11619,https://github.com/jOOQ/jOOQ
gephi,gephi,Java,5005,6713,https://github.com/gephi/gephi
alibaba,druid,Java,26139,6706,https://github.com/alibaba/druid
apache,kafka,Java,23371,10471,https://github.com/apache/kafka
signalapp,Signal-Android,Java,22928,10896,https://github.com/signalapp/Signal-Android
eclipse-vertx,vert.x,Java,13217,5410,https://github.com/eclipse-vertx/vert.x
OpenRefine,OpenRefine,Java,9077,7169,https://github.com/OpenRefine/OpenRefine
Activiti,Activiti,Java,9016,10895,https://github.com/Activiti/Activiti
spring-projects,spring-security,Java,7174,11673,https://github.com/spring-projects/spring-security
meganz,android,Java,1061,21104,https://github.com/meganz/android
open-telemetry,opentelemetry-java-instrumentation,Java,1034,8217,https://github.com/open-telemetry/opentelemetry-java-instrumentation
opennetworkinglab,onos,Java,1020,15276,https://github.com/opennetworkinglab/onos
aptana,studio3,Java,1011,16348,https://github.com/aptana/studio3
grpc,grpc-java,Java,10092,5598,https://github.com/grpc/grpc-java
baomidou,mybatis-plus,Java,13618,5169,https://github.com/baomidou/mybatis-plus
thingsboard,thingsboard,Java,12526,11360,https://github.com/thingsboard/thingsboard
apache,pulsar,Java,11733,10660,https://github.com/apache/pulsar
hazelcast,hazelcast,Java,5069,36368,https://github.com/hazelcast/hazelcast
apache,zeppelin,Java,5842,5171,https://github.com/apache/zeppelin
junit-team,junit5,Java,5447,7385,https://github.com/junit-team/junit5
datahub-project,datahub,Java,6460,6721,https://github.com/datahub-project/datahub
SonarSource,sonarqube,Java,7246,33060,https://github.com/SonarSource/sonarqube
apache,tomcat,Java,6312,24545,https://github.com/apache/tomcat
spring-projects,spring-boot,Java,63692,40148,https://github.com/spring-projects/spring-boot
apache,dubbo,Java,37986,5782,https://github.com/apache/dubbo
libgdx,libgdx,Java,20631,15071,https://github.com/libgdx/libgdx
dianping,cat,Java,17277,7408,https://github.com/dianping/cat
ReactiveX,RxJava,Java,46563,6007,https://github.com/ReactiveX/RxJava
eugenp,tutorials,Java,32258,25751,https://github.com/eugenp/tutorials
SeleniumHQ,selenium,Java,24923,28842,https://github.com/SeleniumHQ/selenium
AntennaPod,AntennaPod,Java,4505,8310,https://github.com/AntennaPod/AntennaPod
iNPUTmice,Conversations,Java,4141,6961,https://github.com/iNPUTmice/Conversations
Freeyourgadget,Gadgetbridge,Java,3968,8315,https://github.com/Freeyourgadget/Gadgetbridge
runelite,runelite,Java,3935,12218,https://github.com/runelite/runelite
knowm,XChange,Java,3570,12456,https://github.com/knowm/XChange
apache,nifi,Java,3467,7791,https://github.com/apache/nifi
eclipse,jetty.project,Java,3445,24483,https://github.com/eclipse/jetty.project
fishercoder1534,Leetcode,Java,3414,5210,https://github.com/fishercoder1534/Leetcode
apache,kylin,Java,3389,8781,https://github.com/apache/kylin
PojavLauncherTeam,PojavLauncher,Java,3229,5474,https://github.com/PojavLauncherTeam/PojavLauncher
geoserver,geoserver,Java,2892,12827,https://github.com/geoserver/geoserver
yacy,yacy_search_server,Java,2809,14319,https://github.com/yacy/yacy_search_server
apache,rocketmq,Java,18259,7539,https://github.com/apache/rocketmq
oracle,graal,Java,17660,69555,https://github.com/oracle/graal
apache,shardingsphere,Java,17511,35997,https://github.com/apache/shardingsphere
quarkusio,quarkus,Java,10862,33640,https://github.com/quarkusio/quarkus
zaproxy,zaproxy,Java,10074,8777,https://github.com/zaproxy/zaproxy
TechEmpower,FrameworkBenchmarks,Java,6626,13198,https://github.com/TechEmpower/FrameworkBenchmarks
gocd,gocd,Java,6602,15195,https://github.com/gocd/gocd
apache,storm,Java,6392,10518,https://github.com/apache/storm
processing,processing,Java,6261,13209,https://github.com/processing/processing
pentaho,pentaho-kettle,Java,6124,22978,https://github.com/pentaho/pentaho-kettle
apache,dolphinscheduler,Java,9155,7338,https://github.com/apache/dolphinscheduler
dataease,dataease,Java,7742,7610,https://github.com/dataease/dataease
LawnchairLauncher,lawnchair,Java,6358,39069,https://github.com/LawnchairLauncher/lawnchair
apache,doris,Java,6283,6812,https://github.com/apache/doris
facebook,litho,Java,7442,14892,https://github.com/facebook/litho
apereo,cas,Java,9773,22002,https://github.com/apereo/cas
dropwizard,dropwizard,Java,8300,6708,https://github.com/dropwizard/dropwizard
Azure,azure-sdk-for-java,Java,1687,25210,https://github.com/Azure/azure-sdk-for-java
strapdata,elassandra,Java,1665,44130,https://github.com/strapdata/elassandra
aosp-mirror,platform_frameworks_support,Java,1640,45632,https://github.com/aosp-mirror/platform_frameworks_support
apache,tinkerpop,Java,1617,18991,https://github.com/apache/tinkerpop
rapidoid,rapidoid,Java,1598,5230,https://github.com/rapidoid/rapidoid
Minestom,Minestom,Java,1582,5207,https://github.com/Minestom/Minestom
opensearch-project,OpenSearch,Java,5886,55997,https://github.com/opensearch-project/OpenSearch
elastic,elasticsearch,Java,61551,66170,https://github.com/elastic/elasticsearch
spring-projects,spring-framework,Java,49433,25542,https://github.com/spring-projects/spring-framework
netty,netty,Java,30126,10950,https://github.com/netty/netty
jenkinsci,jenkins,Java,19660,33010,https://github.com/jenkinsci/jenkins
arduino,Arduino,Java,13237,7373,https://github.com/arduino/Arduino
antlr,antlr4,Java,13193,8925,https://github.com/antlr/antlr4
elastic,logstash,Java,13112,10293,https://github.com/elastic/logstash
apache,commons-lang,Java,2362,7030,https://github.com/apache/commons-lang
h2oai,h2o-2,Java,2228,16171,https://github.com/h2oai/h2o-2
ethereum,ethereumj,Java,2121,5214,https://github.com/ethereum/ethereumj
apache,activemq,Java,2084,11246,https://github.com/apache/activemq
apache,gobblin,Java,2082,6014,https://github.com/apache/gobblin
apache,netbeans,Java,2054,7623,https://github.com/apache/netbeans
M66B,XPrivacy,Java,2036,8154,https://github.com/M66B/XPrivacy
liferay,liferay-portal,Java,1905,653085,https://github.com/liferay/liferay-portal
keycloak,keycloak,Java,13855,14906,https://github.com/keycloak/keycloak
google,closure-compiler,Java,6643,18270,https://github.com/google/closure-compiler
real-logic,aeron,Java,6177,15745,https://github.com/real-logic/aeron
google,error-prone,Java,6162,5716,https://github.com/google/error-prone
awsdocs,aws-doc-sdk-examples,Java,6226,14228,https://github.com/awsdocs/aws-doc-sdk-examples
apache,beam,Java,5960,37349,https://github.com/apache/beam
gravitee-io,gravitee-api-management,Java,1502,16004,https://github.com/gravitee-io/gravitee-api-management
Etar-Group,Etar-Calendar,Java,1465,6431,https://github.com/Etar-Group/Etar-Calendar
codenameone,CodenameOne,Java,1345,7722,https://github.com/codenameone/CodenameOne
hawtio,hawtio,Java,1325,9013,https://github.com/hawtio/hawtio
redisson,redisson,Java,19996,7513,https://github.com/redisson/redisson
apache,flink,Java,19985,32100,https://github.com/apache/flink
google,ExoPlayer,Java,19943,14520,https://github.com/google/ExoPlayer
bazelbuild,bazel,Java,19616,33919,https://github.com/bazelbuild/bazel
micronaut-projects,micronaut-core,Java,5507,12130,https://github.com/micronaut-projects/micronaut-core
Anuken,Mindustry,Java,16160,15589,https://github.com/Anuken/Mindustry
metersphere,metersphere,Java,8390,13613,https://github.com/metersphere/metersphere
airbytehq,airbyte,Java,8329,8089,https://github.com/airbytehq/airbyte
yuliskov,SmartTubeNext,Java,7533,6285,https://github.com/yuliskov/SmartTubeNext
raphw,byte-buddy,Java,5227,6637,https://github.com/raphw/byte-buddy
Alluxio,alluxio,Java,5924,33331,https://github.com/Alluxio/alluxio
MinecraftForge,MinecraftForge,Java,5793,8342,https://github.com/MinecraftForge/MinecraftForge
apache,commons-lang,Java,2362,7030,https://github.com/apache/commons-lang
00-Evan,shattered-pixel-dungeon,Java,2340,5895,https://github.com/00-Evan/shattered-pixel-dungeon
classgraph,classgraph,Java,2309,5212,https://github.com/classgraph/classgraph
AnySoftKeyboard,AnySoftKeyboard,Java,2248,7172,https://github.com/AnySoftKeyboard/AnySoftKeyboard
spring-projects,spring-batch,Java,2211,6002,https://github.com/spring-projects/spring-batch
apache,geode,Java,2146,11246,https://github.com/apache/geode
apache,gobblin,Java,2082,6014,https://github.com/apache/gobblin
iterate-ch,cyberduck,Java,2028,38471,https://github.com/iterate-ch/cyberduck
corretto,corretto-8,Java,2017,49730,https://github.com/corretto/corretto-8
freeplane,freeplane,Java,1176,14669,https://github.com/freeplane/freeplane
todoroo,astrid,Java,1083,5112,https://github.com/todoroo/astrid
SlimeKnights,TinkersConstruct,Java,1073,7750,https://github.com/SlimeKnights/TinkersConstruct
apache,skywalking,Java,20627,7301,https://github.com/apache/skywalking
doocs,leetcode,Java,17902,6047,https://github.com/doocs/leetcode
openjdk,jdk,Java,14341,71008,https://github.com/openjdk/jdk
OpenAPITools,openapi-generator,Java,14118,17823,https://github.com/OpenAPITools/openapi-generator
stanfordnlp,CoreNLP,Java,8682,16954,https://github.com/stanfordnlp/CoreNLP
google,guava,Java,45975,5898,https://github.com/google/guava
apache,cassandra,Java,7595,28038,https://github.com/apache/cassandra
aosp-mirror,platform_frameworks_base,Java,10138,766907,https://github.com/aosp-mirror/platform_frameworks_base
gedoor,MyBookshelf,Java,7305,6076,https://github.com/gedoor/MyBookshelf
geotools,geotools,Java,1363,9391,https://github.com/geotools/geotools
codenameone,CodenameOne,Java,1345,7722,https://github.com/codenameone/CodenameOne
cuba-platform,cuba,Java,1286,14542,https://github.com/cuba-platform/cuba
M66B,FairEmail,Java,1281,24278,https://github.com/M66B/FairEmail
apache,cloudstack,Java,1271,35484,https://github.com/apache/cloudstack
apache,lucene,Java,1249,36210,https://github.com/apache/lucene
facebook,buck,Java,8411,22694,https://github.com/facebook/buck
languagetool-org,languagetool,Java,7668,61473,https://github.com/languagetool-org/languagetool
checkstyle,checkstyle,Java,7337,11824,https://github.com/checkstyle/checkstyle
debezium,debezium,Java,7659,7496,https://github.com/debezium/debezium
apache,hadoop,Java,13007,26244,https://github.com/apache/hadoop
pinpoint-apm,pinpoint,Java,12436,12657,https://github.com/pinpoint-apm/pinpoint
prestodb,presto,Java,14098,20363,https://github.com/prestodb/presto
mockito,mockito,Java,13387,5814,https://github.com/mockito/mockito
apache,druid,Java,12132,12125,https://github.com/apache/druid
realm,realm-java,Java,11336,8903,https://github.com/realm/realm-java
neo4j,neo4j,Java,10526,73263,https://github.com/neo4j/neo4j
NationalSecurityAgency,ghidra,Java,35233,7898,https://github.com/NationalSecurityAgency/ghidra
flowable,flowable-engine,Java,5768,12958,https://github.com/flowable/flowable-engine
confluentinc,ksql,Java,5255,13171,https://github.com/confluentinc/ksql
dbeaver,dbeaver,Java,28800,23410,https://github.com/dbeaver/dbeaver
TeamNewPipe,NewPipe,Java,21434,10254,https://github.com/TeamNewPipe/NewPipe
trinodb,trino,Java,6372,29501,https://github.com/trinodb/trino
google,j2objc,Java,5896,5503,https://github.com/google/j2objc
PaperMC,Paper,Java,6766,7329,https://github.com/PaperMC/Paper
withspectrum,spectrum,JavaScript,10701,14280,https://github.com/withspectrum/spectrum
jquery-archive,jquery-mobile,JavaScript,9776,13114,https://github.com/jquery-archive/jquery-mobile
gildas-lormeau,SingleFile,JavaScript,9381,7139,https://github.com/gildas-lormeau/SingleFile
wappalyzer,wappalyzer,JavaScript,7787,11557,https://github.com/wappalyzer/wappalyzer
bigbluebutton,bigbluebutton,JavaScript,7701,35104,https://github.com/bigbluebutton/bigbluebutton
cuckoosandbox,cuckoo,JavaScript,5086,8063,https://github.com/cuckoosandbox/cuckoo
twbs,bootstrap,JavaScript,160032,21965,https://github.com/twbs/bootstrap
mozilla,pdf.js,JavaScript,40256,16388,https://github.com/mozilla/pdf.js
adobe,brackets,JavaScript,33532,17847,https://github.com/adobe/brackets
codemirror,codemirror5,JavaScript,25407,7119,https://github.com/codemirror/codemirror5
swagger-api,swagger-ui,JavaScript,22883,5480,https://github.com/swagger-api/swagger-ui
emberjs,ember.js,JavaScript,22325,21667,https://github.com/emberjs/ember.js
highlightjs,highlight.js,JavaScript,20568,6460,https://github.com/highlightjs/highlight.js
handsontable,handsontable,JavaScript,17129,7683,https://github.com/handsontable/handsontable
hapijs,hapi,JavaScript,14018,5684,https://github.com/hapijs/hapi
ether,etherpad-lite,JavaScript,13411,8019,https://github.com/ether/etherpad-lite
paperjs,paper.js,JavaScript,13385,7389,https://github.com/paperjs/paper.js
VulcanJS,Vulcan,JavaScript,8024,7750,https://github.com/VulcanJS/Vulcan
aws,aws-sdk-js,JavaScript,7170,5432,https://github.com/aws/aws-sdk-js
stylelint,stylelint,JavaScript,9948,5934,https://github.com/stylelint/stylelint
bootstrap-vue,bootstrap-vue,JavaScript,14089,5299,https://github.com/bootstrap-vue/bootstrap-vue
codesandbox,codesandbox-client,JavaScript,11958,5728,https://github.com/codesandbox/codesandbox-client
arkime,arkime,JavaScript,5309,5045,https://github.com/arkime/arkime
Fyrd,caniuse,JavaScript,5080,9126,https://github.com/Fyrd/caniuse
Countly,countly-server,JavaScript,5021,17001,https://github.com/Countly/countly-server
CodingTrain,website-archive,JavaScript,5619,6088,https://github.com/CodingTrain/website-archive
github,docs,JavaScript,11743,33324,https://github.com/github/docs
ckeditor,ckeditor5,JavaScript,6433,48594,https://github.com/ckeditor/ckeditor5
jsplumb,jsplumb,JavaScript,7166,7887,https://github.com/jsplumb/jsplumb
Jermolene,TiddlyWiki5,JavaScript,7000,11060,https://github.com/Jermolene/TiddlyWiki5
zotero,zotero,JavaScript,5965,12374,https://github.com/zotero/zotero
webpack,webpack,JavaScript,61953,15169,https://github.com/webpack/webpack
atom,atom,JavaScript,58623,38514,https://github.com/atom/atom
lodash,lodash,JavaScript,54688,8005,https://github.com/lodash/lodash
meteor,meteor,JavaScript,43093,32689,https://github.com/meteor/meteor
quilljs,quill,JavaScript,33880,5324,https://github.com/quilljs/quill
balderdashy,sails,JavaScript,22320,7157,https://github.com/balderdashy/sails
facebook,react,JavaScript,196451,15316,https://github.com/facebook/react
Semantic-Org,Semantic-UI,JavaScript,50201,6745,https://github.com/Semantic-Org/Semantic-UI
TryGhost,Ghost,JavaScript,41558,31573,https://github.com/TryGhost/Ghost
photonstorm,phaser,JavaScript,32996,17828,https://github.com/photonstorm/phaser
eslint,eslint,JavaScript,21488,8621,https://github.com/eslint/eslint
nasa,openmct,JavaScript,10555,7345,https://github.com/nasa/openmct
FormidableLabs,victory,JavaScript,9960,8410,https://github.com/FormidableLabs/victory
npm,cli,JavaScript,6469,11502,https://github.com/npm/cli
playcanvas,engine,JavaScript,7827,10263,https://github.com/playcanvas/engine
ipfs,js-ipfs,JavaScript,7086,6415,https://github.com/ipfs/js-ipfs
carbon-design-system,carbon,JavaScript,6036,9204,https://github.com/carbon-design-system/carbon
iptv-org,iptv,JavaScript,56775,23588,https://github.com/iptv-org/iptv
dcloudio,uni-app,JavaScript,37281,9958,https://github.com/dcloudio/uni-app
DIYgod,RSSHub,JavaScript,21642,8238,https://github.com/DIYgod/RSSHub
spencermountain,compromise,JavaScript,10377,5580,https://github.com/spencermountain/compromise
cytoscape,cytoscape.js,JavaScript,8737,5655,https://github.com/cytoscape/cytoscape.js
ciderapp,Cider,JavaScript,5200,5130,https://github.com/ciderapp/Cider
mrdoob,three.js,JavaScript,86209,40653,https://github.com/mrdoob/three.js
angular,angular.js,JavaScript,59371,9073,https://github.com/angular/angular.js
Leaflet,Leaflet,JavaScript,35910,7442,https://github.com/Leaflet/Leaflet
sequelize,sequelize,JavaScript,26908,9618,https://github.com/sequelize/sequelize
ajaxorg,ace,JavaScript,24973,8251,https://github.com/ajaxorg/ace
Automattic,mongoose,JavaScript,24898,17591,https://github.com/Automattic/mongoose
lutzroeder,netron,JavaScript,20250,6056,https://github.com/lutzroeder/netron
jquery,jquery-ui,JavaScript,11084,7272,https://github.com/jquery/jquery-ui
invertase,react-native-firebase,JavaScript,10385,5295,https://github.com/invertase/react-native-firebase
30-seconds,30-seconds-of-code,JavaScript,103842,5487,https://github.com/30-seconds/30-seconds-of-code
ccxt,ccxt,JavaScript,26108,65201,https://github.com/ccxt/ccxt
zadam,trilium,JavaScript,18355,5701,https://github.com/zadam/trilium
jitsi,jitsi-meet,JavaScript,18760,10765,https://github.com/jitsi/jitsi-meet
processing,p5.js,JavaScript,18253,9839,https://github.com/processing/p5.js
badges,shields,JavaScript,18120,6217,https://github.com/badges/shields
appium,appium,JavaScript,15637,9167,https://github.com/appium/appium
node-red,node-red,JavaScript,15443,7888,https://github.com/node-red/node-red
keystonejs,keystone-classic,JavaScript,14718,8795,https://github.com/keystonejs/keystone-classic
NodeBB,NodeBB,JavaScript,13007,24270,https://github.com/NodeBB/NodeBB
reactioncommerce,reaction,JavaScript,11823,21113,https://github.com/reactioncommerce/reaction
sandstorm-io,sandstorm,JavaScript,6125,8131,https://github.com/sandstorm-io/sandstorm
beakerbrowser,beaker,JavaScript,6631,8339,https://github.com/beakerbrowser/beaker
wekan,wekan,JavaScript,18267,9563,https://github.com/wekan/wekan
framework7io,framework7,JavaScript,16942,6659,https://github.com/framework7io/framework7
MetaMask,metamask-extension,JavaScript,8848,15254,https://github.com/MetaMask/metamask-extension
grommet,grommet,JavaScript,8055,6442,https://github.com/grommet/grommet
brave,browser-laptop,JavaScript,8008,9443,https://github.com/brave/browser-laptop
Tencent,omi,JavaScript,12420,7839,https://github.com/Tencent/omi
Automattic,wp-calypso,JavaScript,12127,54729,https://github.com/Automattic/wp-calypso
ptmt,react-native-macos,JavaScript,11326,13041,https://github.com/ptmt/react-native-macos
avwo,whistle,JavaScript,11249,11044,https://github.com/avwo/whistle
standard-things,esm,JavaScript,5190,6375,https://github.com/standard-things/esm
brave,brave-browser,JavaScript,14005,6305,https://github.com/brave/brave-browser
ractivejs,ractive,JavaScript,5889,5735,https://github.com/ractivejs/ractive
discordjs,discord.js,JavaScript,21100,6970,https://github.com/discordjs/discord.js
infernojs,inferno,JavaScript,15568,6130,https://github.com/infernojs/inferno
plotly,plotly.js,JavaScript,15071,24408,https://github.com/plotly/plotly.js
ampproject,amphtml,JavaScript,14912,21627,https://github.com/ampproject/amphtml
aframevr,aframe,JavaScript,14655,6343,https://github.com/aframevr/aframe
google,blockly,JavaScript,10693,7558,https://github.com/google/blockly
adambard,learnxinyminutes-docs,JavaScript,10107,8825,https://github.com/adambard/learnxinyminutes-docs
vega,vega,JavaScript,10031,6294,https://github.com/vega/vega
mapbox,mapbox-gl-js,JavaScript,9080,10244,https://github.com/mapbox/mapbox-gl-js
OnsenUI,OnsenUI,JavaScript,8648,10005,https://github.com/OnsenUI/OnsenUI
vercel,next.js,JavaScript,94168,12823,https://github.com/vercel/next.js
prettier,prettier,JavaScript,44061,6956,https://github.com/prettier/prettier
nuxt,nuxt.js,JavaScript,41476,5590,https://github.com/nuxt/nuxt.js
GoogleChrome,lighthouse,JavaScript,25437,5424,https://github.com/GoogleChrome/lighthouse
YMFE,yapi,JavaScript,25140,5801,https://github.com/YMFE/yapi
nodejs,node,JavaScript,91074,37376,https://github.com/nodejs/node
mui,material-ui,JavaScript,82132,20638,https://github.com/mui/material-ui
mermaid-js,mermaid,JavaScript,50708,5967,https://github.com/mermaid-js/mermaid
odoo,odoo,JavaScript,26646,155638,https://github.com/odoo/odoo
nylas,nylas-mail,JavaScript,24703,6116,https://github.com/nylas/nylas-mail
expressjs,express,JavaScript,58669,5752,https://github.com/expressjs/express
jquery,jquery,JavaScript,56854,6581,https://github.com/jquery/jquery
facebookarchive,nuclide,JavaScript,7859,15238,https://github.com/facebookarchive/nuclide
chakra-core,ChakraCore,JavaScript,8752,13023,https://github.com/chakra-core/ChakraCore
alibaba,rax,JavaScript,7805,5965,https://github.com/alibaba/rax
google,WebFundamentals,JavaScript,13556,11329,https://github.com/google/WebFundamentals
overleaf,overleaf,JavaScript,10402,19399,https://github.com/overleaf/overleaf
simple-icons,simple-icons,JavaScript,14324,5346,https://github.com/simple-icons/simple-icons
openlayers,openlayers,JavaScript,9476,31933,https://github.com/openlayers/openlayers
CesiumGS,cesium,JavaScript,9419,38222,https://github.com/CesiumGS/cesium
HabitRPG,habitica,JavaScript,9394,23984,https://github.com/HabitRPG/habitica
Budibase,budibase,JavaScript,15455,26947,https://github.com/Budibase/budibase
WordPress,gutenberg,JavaScript,8215,23720,https://github.com/WordPress/gutenberg
huluoyang,freecodecamp.cn,JavaScript,5534,8652,https://github.com/huluoyang/freecodecamp.cn
awesome-selfhosted,awesome-selfhosted,JavaScript,106345,5712,https://github.com/awesome-selfhosted/awesome-selfhosted
facebook,react-native,JavaScript,105377,25827,https://github.com/facebook/react-native
gatsbyjs,gatsby,JavaScript,53679,20755,https://github.com/gatsbyjs/gatsby
strapi,strapi,JavaScript,48926,24273,https://github.com/strapi/strapi
serverless,serverless,JavaScript,43653,15499,https://github.com/serverless/serverless
cypress-io,cypress,JavaScript,41254,19010,https://github.com/cypress-io/cypress
preactjs,preact,JavaScript,33159,5178,https://github.com/preactjs/preact
gorhill,uBlock,JavaScript,32853,10123,https://github.com/gorhill/uBlock
transloadit,uppy,JavaScript,25977,9098,https://github.com/transloadit/uppy
rollup,rollup,JavaScript,22386,5040,https://github.com/rollup/rollup
quasarframework,quasar,JavaScript,22187,12438,https://github.com/quasarframework/quasar
svaarala,duktape,JavaScript,5423,10037,https://github.com/svaarala/duktape
popcorn-official,popcorn-desktop,JavaScript,7541,8472,https://github.com/popcorn-official/popcorn-desktop
doctrine,common,PHP,5593,6004,https://github.com/doctrine/common
doctrine,orm,PHP,9385,12873,https://github.com/doctrine/orm
doctrine,dbal,PHP,8843,10698,https://github.com/doctrine/dbal
cakephp,cakephp,PHP,8557,44481,https://github.com/cakephp/cakephp
laravel,laravel,PHP,71248,6791,https://github.com/laravel/laravel
composer,composer,PHP,27027,11955,https://github.com/composer/composer
bcit-ci,CodeIgniter,PHP,18183,10326,https://github.com/bcit-ci/CodeIgniter
matomo-org,matomo,PHP,16931,28699,https://github.com/matomo-org/matomo
WordPress,WordPress,PHP,16750,46638,https://github.com/WordPress/WordPress
owncloud,core,PHP,7859,48770,https://github.com/owncloud/core
firefly-iii,firefly-iii,PHP,9079,16598,https://github.com/firefly-iii/firefly-iii
phan,phan,PHP,5327,7085,https://github.com/phan/phan
symfony,http-kernel,PHP,7755,6022,https://github.com/symfony/http-kernel
Sylius,Sylius,PHP,7041,28245,https://github.com/Sylius/Sylius
opencart,opencart,PHP,6603,13696,https://github.com/opencart/opencart
laravel,framework,PHP,28109,34492,https://github.com/laravel/framework
nextcloud,server,PHP,20405,64741,https://github.com/nextcloud/server
snipe,snipe-it,PHP,6904,8842,https://github.com/snipe/snipe-it
Laravel-Lang,lang,PHP,6806,7051,https://github.com/Laravel-Lang/lang
invoiceninja,invoiceninja,PHP,6698,9495,https://github.com/invoiceninja/invoiceninja
doctrine,annotations,PHP,6529,5662,https://github.com/doctrine/annotations
rectorphp,rector,PHP,6076,14880,https://github.com/rectorphp/rector
akaunting,akaunting,PHP,5611,6633,https://github.com/akaunting/akaunting
phacility,phabricator,PHP,12294,17064,https://github.com/phacility/phabricator
phalcon,cphalcon,PHP,10647,16327,https://github.com/phalcon/cphalcon
magento,magento2,PHP,10299,132270,https://github.com/magento/magento2
squizlabs,PHP_CodeSniffer,PHP,9760,7220,https://github.com/squizlabs/PHP_CodeSniffer
woocommerce,woocommerce,PHP,8211,49826,https://github.com/woocommerce/woocommerce
symfony,symfony,PHP,27555,62211,https://github.com/symfony/symfony
mautic,mautic,PHP,5479,23517,https://github.com/mautic/mautic
PrestaShop,PrestaShop,PHP,6783,79964,https://github.com/PrestaShop/PrestaShop
phpmyadmin,phpmyadmin,PHP,6244,124629,https://github.com/phpmyadmin/phpmyadmin
aws,aws-sdk-php,PHP,5665,6478,https://github.com/aws/aws-sdk-php
octobercms,october,PHP,10796,5878,https://github.com/octobercms/october
sebastianbergmann,phpunit,PHP,18699,17160,https://github.com/sebastianbergmann/phpunit
twigphp,Twig,PHP,7623,5961,https://github.com/twigphp/Twig
wallabag,wallabag,PHP,7515,7264,https://github.com/wallabag/wallabag
getgrav,grav,PHP,13504,7425,https://github.com/getgrav/grav
CachetHQ,Cachet,PHP,12928,7274,https://github.com/CachetHQ/Cachet
yiisoft,yii2,PHP,14007,20114,https://github.com/yiisoft/yii2
FriendsOfPHP,PHP-CS-Fixer,PHP,11456,8825,https://github.com/FriendsOfPHP/PHP-CS-Fixer
mailcow,mailcow-dockerized,PHP,5638,5473,https://github.com/mailcow/mailcow-dockerized
humhub,humhub,PHP,5903,8778,https://github.com/humhub/humhub
flarum,framework,PHP,5747,8541,https://github.com/flarum/framework
netbox-community,netbox,Python,11315,10451,https://github.com/netbox-community/netbox
OWASP,owasp-mastg,Python,9531,7993,https://github.com/OWASP/owasp-mastg
django-oscar,django-oscar,Python,5493,8826,https://github.com/django-oscar/django-oscar
sympy,sympy,Python,9719,52251,https://github.com/sympy/sympy
cython,cython,Python,7398,17330,https://github.com/cython/cython
readthedocs,readthedocs.org,Python,7283,19408,https://github.com/readthedocs/readthedocs.org
boto,boto,Python,6477,7220,https://github.com/boto/boto
pallets,werkzeug,Python,6197,5136,https://github.com/pallets/werkzeug
scikit-image,scikit-image,Python,5087,13314,https://github.com/scikit-image/scikit-image
psf,requests,Python,48404,6131,https://github.com/psf/requests
encode,django-rest-framework,Python,24329,8602,https://github.com/encode/django-rest-framework
matplotlib,matplotlib,Python,16291,44695,https://github.com/matplotlib/matplotlib
saltstack,salt,Python,12802,114928,https://github.com/saltstack/salt
trustedsec,social-engineer-toolkit,Python,8118,15809,https://github.com/trustedsec/social-engineer-toolkit
numba,numba,Python,7907,23414,https://github.com/numba/numba
OctoPrint,OctoPrint,Python,6966,8499,https://github.com/OctoPrint/OctoPrint
matrix-org,synapse,Python,10048,21654,https://github.com/matrix-org/synapse
giampaolo,psutil,Python,8786,5843,https://github.com/giampaolo/psutil
qutebrowser,qutebrowser,Python,8191,23762,https://github.com/qutebrowser/qutebrowser
RasaHQ,rasa,Python,14973,30576,https://github.com/RasaHQ/rasa
davidhalter,jedi,Python,5254,8282,https://github.com/davidhalter/jedi
chainer,chainer,Python,5734,30611,https://github.com/chainer/chainer
Chia-Network,chia-blockchain,Python,10927,9770,https://github.com/Chia-Network/chia-blockchain
xonsh,xonsh,Python,6387,10356,https://github.com/xonsh/xonsh
conan-io,conan,Python,6263,5832,https://github.com/conan-io/conan
angr,angr,Python,6154,11508,https://github.com/angr/angr
guardicore,monkey,Python,5963,11858,https://github.com/guardicore/monkey
statsmodels,statsmodels,Python,7826,14736,https://github.com/statsmodels/statsmodels
fail2ban,fail2ban,Python,7561,5725,https://github.com/fail2ban/fail2ban
django,django,Python,66895,31145,https://github.com/django/django
ansible,ansible,Python,55135,53152,https://github.com/ansible/ansible
sqlmapproject,sqlmap,Python,24970,9985,https://github.com/sqlmapproject/sqlmap
bokeh,bokeh,Python,16812,19802,https://github.com/bokeh/bokeh
quantopian,zipline,Python,15510,6226,https://github.com/quantopian/zipline
home-assistant,core,Python,55404,54956,https://github.com/home-assistant/core
getredash,redash,Python,21941,7297,https://github.com/getredash/redash
kovidgoyal,kitty,Python,16356,10613,https://github.com/kovidgoyal/kitty
mindsdb,mindsdb,Python,10892,8090,https://github.com/mindsdb/mindsdb
PySimpleGUI,PySimpleGUI,Python,10721,6476,https://github.com/PySimpleGUI/PySimpleGUI
PrefectHQ,prefect,Python,10267,12959,https://github.com/PrefectHQ/prefect
dask,dask,Python,10415,7404,https://github.com/dask/dask
sqlalchemy,sqlalchemy,Python,6125,15562,https://github.com/sqlalchemy/sqlalchemy
numenta,nupic,Python,6301,6625,https://github.com/numenta/nupic
HypothesisWorks,hypothesis,Python,6265,12495,https://github.com/HypothesisWorks/hypothesis
spulec,moto,Python,6163,7073,https://github.com/spulec/moto
openedx,edx-platform,Python,6144,62108,https://github.com/openedx/edx-platform
deis,deis,Python,6083,5797,https://github.com/deis/deis
microsoft,pyright,Python,8551,5387,https://github.com/microsoft/pyright
yt-dlp,yt-dlp,Python,33914,21184,https://github.com/yt-dlp/yt-dlp
PaddlePaddle,PaddleOCR,Python,25624,5726,https://github.com/PaddlePaddle/PaddleOCR
jina-ai,jina,Python,16361,7955,https://github.com/jina-ai/jina
521xueweihan,GitHub520,Python,13100,7929,https://github.com/521xueweihan/GitHub520
ManimCommunity,manim,Python,11658,5613,https://github.com/ManimCommunity/manim
robotframework,robotframework,Python,7398,13759,https://github.com/robotframework/robotframework
jupyterhub,jupyterhub,Python,6969,6075,https://github.com/jupyterhub/jupyterhub
unifyai,ivy,Python,6920,7820,https://github.com/unifyai/ivy
espnet,espnet,Python,5604,15987,https://github.com/espnet/espnet
huggingface,transformers,Python,72691,11108,https://github.com/huggingface/transformers
google,jax,Python,20647,13493,https://github.com/google/jax
great-expectations,great_expectations,Python,7434,9623,https://github.com/great-expectations/great_expectations
frappe,erpnext,Python,12091,43316,https://github.com/frappe/erpnext
scipy,scipy,Python,10375,28902,https://github.com/scipy/scipy
pyinstaller,pyinstaller,Python,9653,8520,https://github.com/pyinstaller/pyinstaller
Theano,Theano,Python,9629,28127,https://github.com/Theano/Theano
mailpile,Mailpile,Python,8656,6297,https://github.com/mailpile/Mailpile
pypa,pip,Python,8307,13369,https://github.com/pypa/pip
ytdl-org,youtube-dl,Python,114259,18628,https://github.com/ytdl-org/youtube-dl
scikit-learn,scikit-learn,Python,51805,29128,https://github.com/scikit-learn/scikit-learn
scrapy,scrapy,Python,44925,9362,https://github.com/scrapy/scrapy
pandas-dev,pandas,Python,35643,30413,https://github.com/pandas-dev/pandas
getsentry,sentry,Python,32354,47473,https://github.com/getsentry/sentry
mitmproxy,mitmproxy,Python,28999,10025,https://github.com/mitmproxy/mitmproxy
numpy,numpy,Python,21756,30681,https://github.com/numpy/numpy
ipython,ipython,Python,15556,26099,https://github.com/ipython/ipython
kivy,kivy,Python,15140,12696,https://github.com/kivy/kivy
networkx,networkx,Python,11706,7062,https://github.com/networkx/networkx
beetbox,beets,Python,11194,10739,https://github.com/beetbox/beets
ansible,awx,Python,11478,32515,https://github.com/ansible/awx
iterative,dvc,Python,10549,8056,https://github.com/iterative/dvc
edgedb,edgedb,Python,9433,7002,https://github.com/edgedb/edgedb
python,cpython,Python,48252,114954,https://github.com/python/cpython
pypa,pipenv,Python,23365,7942,https://github.com/pypa/pipenv
freqtrade,freqtrade,Python,19623,18355,https://github.com/freqtrade/freqtrade
saleor,saleor,Python,17065,20014,https://github.com/saleor/saleor
kovidgoyal,calibre,Python,13468,46063,https://github.com/kovidgoyal/calibre
aio-libs,aiohttp,Python,12936,8968,https://github.com/aio-libs/aiohttp
plotly,plotly.py,Python,12298,5599,https://github.com/plotly/plotly.py
platformio,platformio-core,Python,6176,6146,https://github.com/platformio/platformio-core
akfamily,akshare,Python,5516,5887,https://github.com/akfamily/akshare
cupy,cupy,Python,6404,26018,https://github.com/cupy/cupy
saulpw,visidata,Python,6068,5566,https://github.com/saulpw/visidata
dbt-labs,dbt-core,Python,5904,5668,https://github.com/dbt-labs/dbt-core
jumpserver,jumpserver,Python,19315,7555,https://github.com/jumpserver/jumpserver
pytest-dev,pytest,Python,9383,14748,https://github.com/pytest-dev/pytest
borgbackup,borg,Python,8748,7362,https://github.com/borgbackup/borg
secdev,scapy,Python,8069,6079,https://github.com/secdev/scapy
dagster-io,dagster,Python,5676,11762,https://github.com/dagster-io/dagster
pyg-team,pytorch_geometric,Python,15862,5940,https://github.com/pyg-team/pytorch_geometric
lutris,lutris,Python,5856,7951,https://github.com/lutris/lutris
pyca,cryptography,Python,5096,9435,https://github.com/pyca/cryptography
spesmilo,electrum,Python,5961,15128,https://github.com/spesmilo/electrum
gevent,gevent,Python,5827,5814,https://github.com/gevent/gevent
vnpy,vnpy,Python,19370,6502,https://github.com/vnpy/vnpy
plotly,dash,Python,17513,6436,https://github.com/plotly/dash
zulip,zulip,Python,16594,48863,https://github.com/zulip/zulip
d2l-ai,d2l-en,Python,15235,5538,https://github.com/d2l-ai/d2l-en
microsoft,recommenders,Python,14258,8145,https://github.com/microsoft/recommenders
cookiecutter,cookiecutter-django,Python,9811,6135,https://github.com/cookiecutter/cookiecutter-django
tensorflow,models,Python,74572,8535,https://github.com/tensorflow/models
commaai,openpilot,Python,36274,7760,https://github.com/commaai/openpilot
ray-project,ray,Python,22394,14672,https://github.com/ray-project/ray
certbot,certbot,Python,29353,10543,https://github.com/certbot/certbot
explosion,spaCy,Python,24414,15660,https://github.com/explosion/spaCy
celery,celery,Python,20302,12036,https://github.com/celery/celery
nltk,nltk,Python,11150,14370,https://github.com/nltk/nltk
django-cms,django-cms,Python,8935,16055,https://github.com/django-cms/django-cms
mopidy,mopidy,Python,7512,8367,https://github.com/mopidy/mopidy
pymc-devs,pymc,Python,7067,9002,https://github.com/pymc-devs/pymc
reddit-archive,reddit,Python,16198,7956,https://github.com/reddit-archive/reddit
optuna,optuna,Python,7069,14042,https://github.com/optuna/optuna
spyder-ide,spyder,Python,7219,26131,https://github.com/spyder-ide/spyder
lbryio,lbry-sdk,Python,7162,9175,https://github.com/lbryio/lbry-sdk
Nuitka,Nuitka,Python,7622,9969,https://github.com/Nuitka/Nuitka
apache,tvm,Python,8673,9565,https://github.com/apache/tvm
wagtail,wagtail,Python,13343,14041,https://github.com/wagtail/wagtail
python,mypy,Python,13993,10707,https://github.com/python/mypy
aws,aws-cli,Python,13020,10644,https://github.com/aws/aws-cli
python-pillow,Pillow,Python,10234,13844,https://github.com/python-pillow/Pillow
streamlit,streamlit,Python,21036,5033,https://github.com/streamlit/streamlit
Lightning-AI,lightning,Python,20379,7908,https://github.com/Lightning-AI/lightning
Ebazhanov,linkedin-skill-assessments-quizzes,Python,19679,5366,https://github.com/Ebazhanov/linkedin-skill-assessments-quizzes
SigmaHQ,sigma,Python,5644,13279,https://github.com/SigmaHQ/sigma
keras-team,keras,Python,56435,7460,https://github.com/keras-team/keras
apache,airflow,Python,27907,17721,https://github.com/apache/airflow
brython-dev,brython,Python,5837,7309,https://github.com/brython-dev/brython
yutiansut,QUANTAXIS,Python,6799,7474,https://github.com/yutiansut/QUANTAXIS
